datetime,open,high,low,close,volume
2026-03-23T12:00:00+00:00,186.19000000000003,186.76300000000003,186.11700000000002,186.48900000000003,380790
2026-03-24T00:00:00+00:00,186.48900000000003,186.58,186.14400000000003,186.52300000000002,302528
2026-03-24T12:00:00+00:00,186.52300000000002,186.88000000000002,186.33400000000003,186.835,299425
2026-03-25T00:00:00+00:00,186.835,187.12400000000002,186.70700000000002,186.871,228710
2026-03-25T12:00:00+00:00,186.871,186.97400000000002,186.55900000000003,186.79700000000003,233328
2026-03-26T00:00:00+00:00,186.79700000000003,186.997,186.49,186.51200000000003,177631
2026-03-26T12:00:00+00:00,186.51200000000003,186.83400000000003,186.50300000000001,186.74600000000004,208397.343739696
2026-03-27T00:00:00+00:00,186.74600000000004,186.85200000000003,186.37700000000004,186.46500000000003,169975
2026-03-27T12:00:00+00:00,186.46500000000003,187.169,186.37300000000002,186.95900000000003,193216.74381849397
2026-03-29T12:00:00+00:00,186.95900000000003,187.40000000000006,186.75900000000001,187.04200000000006,25921.56683271188
2026-03-30T00:00:00+00:00,187.04200000000006,187.05500000000006,186.09200000000007,186.10500000000008,216652
2026-03-30T12:00:00+00:00,186.10500000000008,186.10600000000005,185.49000000000007,186.0360000000001,189488.55849924538
2026-03-31T00:00:00+00:00,186.0360000000001,186.48200000000008,185.73500000000007,186.09700000000007,233062
2026-03-31T12:00:00+00:00,186.09700000000007,186.55700000000007,185.97800000000007,186.53900000000007,295803.8269434422
2026-04-01T00:00:00+00:00,186.53900000000007,187.07000000000008,186.40300000000008,186.80000000000007,261139
2026-04-01T12:00:00+00:00,186.80000000000007,187.30300000000008,186.71200000000007,186.92700000000008,243180.33501705414
2026-04-02T00:00:00+00:00,186.92700000000008,187.16000000000005,186.50800000000007,186.91700000000006,280222
2026-04-02T12:00:00+00:00,186.91700000000006,187.21500000000006,186.79000000000008,186.91799999999998,236790.06768468572
2026-04-03T00:00:00+00:00,186.91799999999998,187.134,186.849,187.04,91435
2026-04-03T12:00:00+00:00,187.04,187.069,186.53099999999998,186.894,70070.47226525458
2026-04-05T12:00:00+00:00,183.91299999999998,183.91299999999998,183.50199999999998,183.73099999999997,37288.047402428914
2026-04-06T00:00:00+00:00,183.73099999999997,184.26699999999997,183.53299999999996,184.05199999999996,185173
2026-04-06T12:00:00+00:00,184.05199999999996,184.29199999999997,183.95899999999997,184.13299999999995,154646.00865734337
2026-04-07T00:00:00+00:00,184.13299999999995,184.59899999999996,184.09499999999997,184.59599999999995,212807
2026-04-07T12:00:00+00:00,184.59599999999995,185.38099999999997,184.51799999999997,185.30799999999996,308945
2026-04-08T00:00:00+00:00,185.30799999999996,185.31599999999997,184.63599999999997,184.99499999999995,346370
2026-04-08T12:00:00+00:00,184.99499999999995,185.04699999999997,184.63899999999992,184.76899999999992,272329.65888898325
2026-04-09T00:00:00+00:00,184.76899999999992,185.5279999999999,184.7169999999999,185.5209999999999,174681.07773508423
2026-04-09T12:00:00+00:00,185.5209999999999,186.03499999999988,185.4659999999999,185.8059999999999,202147.76830653503
2026-04-10T00:00:00+00:00,185.8059999999999,186.3529999999999,185.7379999999999,186.2629999999999,150509
2026-04-10T12:00:00+00:00,186.2629999999999,186.6839999999999,186.0189999999999,186.4949999999999,157095
2026-04-12T12:00:00+00:00,186.4949999999999,186.82799999999986,186.34799999999987,186.65399999999985,30391.20715043054
2026-04-13T00:00:00+00:00,186.65399999999985,187.08499999999987,186.62899999999988,186.96099999999987,175912
2026-04-13T12:00:00+00:00,186.96099999999987,187.74899999999985,186.93899999999988,187.58899999999986,198592
2026-04-14T00:00:00+00:00,187.58899999999986,187.77299999999985,187.31899999999987,187.57999999999987,187568
2026-04-14T12:00:00+00:00,187.57999999999987,187.70799999999986,187.41999999999987,187.59699999999987,177026
2026-04-15T00:00:00+00:00,187.59699999999987,187.73399999999987,187.33599999999987,187.61799999999988,180437
2026-04-15T12:00:00+00:00,187.61799999999988,187.93299999999988,187.56499999999986,187.7239999999999,157098.08882623265
2026-04-16T00:00:00+00:00,187.7239999999999,187.7489999999999,187.3069999999999,187.5289999999999,181503
2026-04-16T12:00:00+00:00,187.5289999999999,187.7909999999999,187.4729999999999,187.76899999999992,163233.32380962075
2026-04-17T00:00:00+00:00,187.76899999999992,188.1589999999999,187.7299999999999,187.9389999999999,163291
2026-04-17T12:00:00+00:00,187.9389999999999,187.95999999999992,186.5219999999999,186.76999999999992,281110
2026-04-19T12:00:00+00:00,186.76999999999992,187.32899999999995,186.69399999999996,187.29099999999994,24879.30104971294
2026-04-20T00:00:00+00:00,187.29099999999994,187.55199999999996,187.19999999999996,187.36799999999994,199483
2026-04-20T12:00:00+00:00,187.36799999999994,187.75399999999996,187.21699999999996,187.6479999999999,183813.67568772682
2026-04-21T00:00:00+00:00,187.6479999999999,187.79299999999992,187.4499999999999,187.6099999999999,149333
2026-04-21T12:00:00+00:00,187.6099999999999,187.8239999999999,187.4739999999999,187.6589999999999,233832.3281373405
2026-04-22T00:00:00+00:00,187.6589999999999,187.8079999999999,187.3329999999999,187.3589999999999,188731
2026-04-22T12:00:00+00:00,187.3589999999999,187.3959999999999,187.04499999999987,187.1799999999999,165308.9015586459
2026-04-23T00:00:00+00:00,187.1799999999999,187.4549999999999,187.00499999999988,187.0189999999999,210212
2026-04-23T12:00:00+00:00,187.0189999999999,187.24199999999988,186.9059999999999,187.1859999999999,232771.23347257797
2026-04-24T00:00:00+00:00,187.1859999999999,187.4179999999999,186.97299999999987,187.30199999999988,179011
2026-04-24T12:00:00+00:00,187.30199999999988,187.3889999999999,187.20699999999988,187.22999999999988,170310
2026-04-26T12:00:00+00:00,187.22999999999988,187.34199999999987,187.06599999999992,187.29599999999988,8611.253731542056
2026-04-27T00:00:00+00:00,187.29599999999988,187.52299999999988,187.18999999999988,187.41799999999986,175126
2026-04-27T12:00:00+00:00,187.41799999999986,187.60099999999989,187.2979999999999,187.47299999999984,142605.43914939257
2026-04-28T00:00:00+00:00,187.47299999999984,187.55499999999986,186.74999999999986,187.29299999999986,196233
2026-04-28T12:00:00+00:00,187.29299999999986,187.62799999999984,187.12499999999986,187.57999999999987,191357.63607927365
2026-04-29T00:00:00+00:00,187.57999999999987,187.72999999999988,187.36399999999986,187.64399999999986,203232
2026-04-29T12:00:00+00:00,187.64399999999986,188.10299999999987,187.63299999999987,187.9319999999999,238412.35508126536
2026-04-30T00:00:00+00:00,187.9319999999999,188.2929999999999,183.0069999999999,183.7829999999999,371392
2026-04-30T12:00:00+00:00,183.7829999999999,184.93899999999988,183.47599999999989,184.88599999999988,306865.4162296914
2026-05-01T00:00:00+00:00,184.88599999999988,185.3179999999999,183.3839999999999,184.7619999999999,220101
2026-05-01T12:00:00+00:00,184.7619999999999,185.1869999999999,184.07399999999998,184.07999999999998,190606
2026-05-03T12:00:00+00:00,184.07999999999998,184.10199999999995,183.84099999999995,183.92399999999995,14975.312124279584
2026-05-04T00:00:00+00:00,183.92399999999995,184.32999999999996,182.70299999999995,183.72799999999995,269241
2026-05-04T12:00:00+00:00,183.72799999999995,183.96199999999996,183.05099999999996,183.71999999999997,243643.31565141518
2026-05-05T00:00:00+00:00,183.71999999999997,184.38899999999998,183.56399999999996,184.29799999999997,182946
2026-05-05T12:00:00+00:00,184.29799999999997,184.69699999999997,184.18599999999998,184.61199999999997,179242.73188335123
2026-05-06T00:00:00+00:00,184.61199999999997,184.94099999999997,181.93499999999997,183.61199999999997,378975
2026-05-06T12:00:00+00:00,183.61199999999997,183.80599999999998,183.31499999999997,183.77,227312.49998521805
2026-05-07T00:00:00+00:00,183.77,184.059,183.389,183.977,233147
2026-05-07T12:00:00+00:00,183.977,184.132,183.74699999999999,183.976,221841.0852829737
2026-05-08T00:00:00+00:00,183.976,184.478,183.909,184.40699999999998,168317
2026-05-08T12:00:00+00:00,184.40699999999998,184.713,184.257,184.606,154140
2026-05-10T12:00:00+00:00,184.606,185.54600000000008,184.57500000000002,185.50500000000005,12153.84404276442
2026-05-11T00:00:00+00:00,185.50500000000005,185.93900000000005,185.49900000000005,185.82300000000006,147049
2026-05-11T12:00:00+00:00,185.82300000000006,186.21700000000007,185.76100000000005,186.12400000000005,131209
2026-05-12T00:00:00+00:00,186.12400000000005,186.37800000000007,185.32300000000006,185.97100000000006,191633
2026-05-12T12:00:00+00:00,185.97100000000006,186.04300000000006,185.77400000000006,185.94500000000005,161665
2026-05-13T00:00:00+00:00,185.94500000000005,186.07400000000007,185.54600000000008,185.69700000000006,150546
2026-05-13T12:00:00+00:00,185.69700000000006,185.86600000000007,185.58000000000007,185.86400000000006,141940.89654132177
2026-05-14T00:00:00+00:00,185.86400000000006,185.97100000000006,185.47100000000006,185.74900000000005,165971
2026-05-14T12:00:00+00:00,185.74900000000005,185.79300000000006,184.94200000000004,185.62600000000006,181126.1910822268
2026-05-15T00:00:00+00:00,185.62600000000006,185.66900000000007,185.10000000000005,185.36800000000005,268668
2026-05-15T12:00:00+00:00,185.36800000000005,185.52700000000007,185.17300000000006,185.45800000000006,159285.62577587934
2026-05-17T12:00:00+00:00,185.45800000000006,185.5510000000001,185.2200000000001,185.33900000000014,14016.972166084428
2026-05-18T00:00:00+00:00,185.33900000000014,185.82400000000013,185.30900000000014,185.76500000000013,208070
2026-05-18T12:00:00+00:00,185.76500000000013,186.06700000000012,185.71100000000013,186.01100000000014,209175
2026-05-19T00:00:00+00:00,186.01100000000014,186.06600000000014,185.67200000000014,185.71900000000014,183515
2026-05-19T12:00:00+00:00,185.71900000000014,185.80400000000014,185.06900000000016,185.47800000000015,214728.6878520733
2026-05-20T00:00:00+00:00,185.47800000000015,185.53000000000014,185.15500000000014,185.37400000000017,208193
2026-05-20T12:00:00+00:00,185.37400000000017,185.67000000000016,185.22300000000016,185.58700000000016,225745.73800104274
2026-05-21T00:00:00+00:00,185.58700000000016,185.82200000000017,185.28400000000016,185.48400000000018,213310
2026-05-21T12:00:00+00:00,185.48400000000018,185.65200000000016,185.27300000000017,185.5820000000002,233546.82464945212
2026-05-22T00:00:00+00:00,185.5820000000002,185.6380000000002,185.3200000000002,185.37200000000018,141212
2026-05-22T12:00:00+00:00,185.37200000000018,185.6900000000002,184.691,184.69899999999998,151476
2026-05-24T12:00:00+00:00,184.69899999999998,185.0859999999999,184.6499999999999,185.0659999999999,17765.906822098787
2026-05-25T00:00:00+00:00,185.0659999999999,185.13499999999988,184.8529999999999,185.07599999999988,140355
2026-05-25T12:00:00+00:00,185.07599999999988,185.1549999999999,184.76599999999985,184.87599999999986,83844.5884347653
2026-05-26T00:00:00+00:00,184.87599999999986,185.27599999999987,184.79999999999987,185.13099999999986,143460
2026-05-26T12:00:00+00:00,185.13099999999986,185.24299999999985,184.97499999999985,185.22999999999985,122976.29926308738
2026-05-27T00:00:00+00:00,185.22999999999985,185.62599999999986,185.18999999999986,185.45999999999987,131954
2026-05-27T12:00:00+00:00,185.45999999999987,185.70499999999987,185.30199999999985,185.33599999999993,185092.21874296723
2026-05-28T00:00:00+00:00,185.33599999999993,185.41399999999993,184.85499999999993,185.20099999999994,160074
2026-05-28T12:00:00+00:00,185.20099999999994,185.61599999999993,185.17399999999995,185.54799999999994,183177.60937226808
2026-05-29T00:00:00+00:00,185.54799999999994,185.60599999999994,185.14299999999994,185.44899999999996,164505
2026-05-29T12:00:00+00:00,185.44899999999996,185.94099999999995,185.39599999999993,185.709,165099
2026-05-31T12:00:00+00:00,185.709,185.82999999999998,185.666,185.67399999999998,16492.170402694595
2026-06-01T00:00:00+00:00,185.67399999999998,186.01799999999997,185.671,185.783,169216
2026-06-01T12:00:00+00:00,185.783,185.862,185.432,185.79199999999997,194506.14696376934
2026-06-02T00:00:00+00:00,185.79199999999997,186.17799999999997,185.73199999999997,186.134,128363
2026-06-02T12:00:00+00:00,186.134,186.24399999999997,185.84099999999998,185.957,120093
2026-06-03T00:00:00+00:00,185.957,186.04899999999998,185.147,185.737,169922
2026-06-03T12:00:00+00:00,185.737,185.78699999999998,185.493,185.71799999999996,158954.57620288598
2026-06-04T00:00:00+00:00,185.71799999999996,186.12999999999997,185.36099999999996,186.03499999999997,188418
2026-06-04T12:00:00+00:00,186.03499999999997,186.14999999999998,185.75199999999998,185.82399999999998,122843.50432103404
2026-06-05T00:00:00+00:00,185.82399999999998,186.23999999999998,185.73499999999999,186.118,135000
2026-06-05T12:00:00+00:00,186.118,186.15099999999998,184.531,184.706,211341
2026-06-07T12:00:00+00:00,184.706,185.187,184.68899999999996,185.17700000000002,18977.10761535267
2026-06-08T00:00:00+00:00,185.17700000000002,185.43900000000002,184.43900000000002,184.99300000000002,239306
2026-06-08T12:00:00+00:00,184.99300000000002,185.312,184.96200000000002,185.098,157921
2026-06-09T00:00:00+00:00,185.098,185.817,185.04600000000002,185.78900000000002,163318
2026-06-09T12:00:00+00:00,185.78900000000002,185.91,185.40900000000002,185.455,195598
2026-06-10T00:00:00+00:00,185.455,185.918,185.398,185.60500000000002,197893
2026-06-10T12:00:00+00:00,185.60500000000002,186.018,185.49,185.61700000000002,202703
2026-06-11T00:00:00+00:00,185.61700000000002,185.913,185.443,185.67100000000005,118793.13711565475
2026-06-11T12:00:00+00:00,185.67100000000005,185.83400000000003,185.09600000000003,185.81000000000003,225701
2026-06-12T00:00:00+00:00,185.81000000000003,185.99800000000005,185.60700000000003,185.78500000000003,224412
2026-06-12T12:00:00+00:00,185.78500000000003,185.99000000000004,185.69300000000004,185.75900000000004,160934.11288963773
2026-06-14T12:00:00+00:00,185.75900000000004,186.10700000000006,185.63500000000005,186.01600000000005,24971.770069165963
2026-06-15T00:00:00+00:00,186.01600000000005,186.42800000000005,186.00400000000005,186.37600000000006,166397
2026-06-15T12:00:00+00:00,186.37600000000006,186.47100000000006,186.12400000000005,186.13300000000004,133921.54828079796
2026-06-16T00:00:00+00:00,186.13300000000004,186.55400000000006,185.84200000000004,186.39000000000004,177000
2026-06-16T12:00:00+00:00,186.39000000000004,186.71200000000005,186.28500000000005,186.64300000000006,151952.70660218364
2026-06-17T00:00:00+00:00,186.64300000000006,186.70600000000005,186.10900000000004,186.21600000000004,121698
2026-06-17T12:00:00+00:00,186.21600000000004,186.33900000000006,184.93100000000004,185.1990000000001,263207.1611302591
2026-06-18T00:00:00+00:00,185.1990000000001,185.5920000000001,184.6800000000001,184.77800000000008,229562
2026-06-18T12:00:00+00:00,184.77800000000008,185.7650000000001,184.7160000000001,185.21400000000008,232129.10863741674
2026-06-19T00:00:00+00:00,185.21400000000008,185.3360000000001,184.69500000000008,185.2160000000001,188731
2026-06-19T12:00:00+00:00,185.2160000000001,185.5300000000001,185.1620000000001,185.3780000000001,98467.12649057787
2026-06-21T12:00:00+00:00,185.3780000000001,185.86800000000017,185.3620000000001,185.80400000000014,11683.102416201751
2026-06-22T00:00:00+00:00,185.80400000000014,186.13700000000014,185.78800000000015,185.96100000000015,195762
2026-06-22T12:00:00+00:00,185.96100000000015,186.15400000000014,185.13800000000015,185.38600000000017,210734
2026-06-23T00:00:00+00:00,185.38600000000017,185.60300000000015,184.72400000000016,184.73900000000015,206982
2026-06-23T12:00:00+00:00,184.73900000000015,184.85800000000015,184.53800000000015,184.64300000000014,155282
2026-06-24T00:00:00+00:00,184.64300000000014,184.65200000000016,184.05500000000015,184.07900000000015,204269
2026-06-24T12:00:00+00:00,184.07900000000015,184.57900000000015,183.92600000000016,184.4450000000002,204037.57507523213
2026-06-25T00:00:00+00:00,184.4450000000002,184.79800000000017,184.16100000000017,184.2850000000002,174740
2026-06-25T12:00:00+00:00,184.2850000000002,184.8680000000002,184.2850000000002,184.59000000000017,204230.87730783148
2026-06-26T00:00:00+00:00,184.59000000000017,185.13200000000018,184.47800000000018,185.03000000000017,210865
2026-06-26T12:00:00+00:00,185.03000000000017,185.58500000000018,184.8320000000002,184.85200000000017,160951
2026-06-28T12:00:00+00:00,184.85200000000017,184.85200000000017,184.59800000000018,184.78500000000017,9146.025184827686
2026-06-29T00:00:00+00:00,184.78500000000017,185.25400000000016,184.70200000000017,185.22200000000015,176318
2026-06-29T12:00:00+00:00,185.22200000000015,185.67800000000017,185.14000000000016,185.48200000000014,149848
2026-06-30T00:00:00+00:00,185.48200000000014,185.94100000000014,185.25200000000015,185.62000000000015,226353
2026-06-30T12:00:00+00:00,185.62000000000015,186.44700000000014,185.21400000000017,186.19800000000015,201076
2026-07-01T00:00:00+00:00,186.19800000000015,186.29500000000016,185.81200000000015,185.82200000000014,188910
2026-07-01T12:00:00+00:00,185.82200000000014,185.86200000000017,185.43300000000016,185.52300000000014,221681.5005279831
2026-07-02T00:00:00+00:00,185.52300000000014,185.66900000000015,184.31900000000016,184.72800000000015,289755
2026-07-02T12:00:00+00:00,184.72800000000015,185.05900000000017,184.49900000000014,185.04600000000016,247817.94210191473
2026-07-03T00:00:00+00:00,185.04600000000016,185.20200000000017,184.54700000000017,185.11800000000017,201056
2026-07-03T12:00:00+00:00,185.11800000000017,185.23800000000017,185.06900000000016,185.09900000000016,99340
2026-07-05T12:00:00+00:00,185.09900000000016,185.17500000000015,184.88100000000014,185.14500000000015,13883.009472983365
2026-07-06T00:00:00+00:00,185.14500000000015,185.89900000000014,185.14300000000014,185.79800000000014,178778
2026-07-06T12:00:00+00:00,185.79800000000014,186.02100000000016,185.69300000000015,185.94700000000014,124236
2026-07-07T00:00:00+00:00,185.94700000000014,186.02100000000016,185.28600000000014,185.59900000000016,185217
2026-07-07T12:00:00+00:00,185.59900000000016,185.69700000000014,185.34100000000015,185.60300000000015,155115.82545239385
2026-07-08T00:00:00+00:00,185.60300000000015,185.95000000000016,185.55000000000015,185.75100000000015,215113
2026-07-08T12:00:00+00:00,185.75100000000015,186.19700000000014,185.68800000000016,186.12900000000016,169077.48508121746
2026-07-09T00:00:00+00:00,186.12900000000016,186.26700000000017,186.01400000000015,186.18800000000016,167741
2026-07-09T12:00:00+00:00,186.18800000000016,186.30700000000016,186.03100000000018,186.12300000000016,128828.29045514838
2026-07-10T00:00:00+00:00,186.12300000000016,186.16900000000015,185.22000000000017,185.49500000000018,271777
2026-07-10T12:00:00+00:00,185.49500000000018,185.52300000000017,184.94600000000017,185.04500000000016,174443
2026-07-12T12:00:00+00:00,185.04500000000016,185.41500000000016,185.04500000000016,185.35200000000015,23399.6703539823
2026-07-13T00:00:00+00:00,185.35200000000015,186.19800000000015,185.27300000000017,185.99300000000017,268907
2026-07-13T12:00:00+00:00,185.99300000000017,186.07000000000016,185.54500000000016,185.62400000000017,198013.42123675277
2026-07-14T00:00:00+00:00,185.62400000000017,185.81500000000017,185.48600000000016,185.74300000000017,221917
2026-07-14T12:00:00+00:00,185.74300000000017,186.22200000000015,185.54200000000014,186.02700000000016,244416.54795304895
2026-07-15T00:00:00+00:00,186.02700000000016,186.34900000000016,185.95700000000016,185.99400000000014,194362
2026-07-15T12:00:00+00:00,185.99400000000014,186.73300000000012,185.94100000000014,186.61600000000013,205801.33593077562
2026-07-16T00:00:00+00:00,186.61600000000013,186.71000000000012,186.48900000000012,186.6840000000001,183431
2026-07-16T12:00:00+00:00,186.6840000000001,186.7440000000001,186.4270000000001,186.5620000000001,150524.7803695633
2026-07-17T00:00:00+00:00,186.5620000000001,186.66800000000012,186.1890000000001,186.2960000000001,178216
2026-07-17T12:00:00+00:00,186.2960000000001,186.6180000000001,186.2530000000001,186.4370000000001,139457
2026-07-19T12:00:00+00:00,186.4370000000001,186.6510000000001,186.37300000000008,186.5790000000001,15860.993707421872
2026-07-20T00:00:00+00:00,186.5790000000001,186.7350000000001,186.3950000000001,186.4130000000001,170828
2026-07-20T12:00:00+00:00,186.4130000000001,186.4510000000001,186.2070000000001,186.35700000000008,152949.52355493547
2026-07-21T00:00:00+00:00,186.35700000000008,186.7810000000001,186.2680000000001,186.69000000000008,156797
2026-07-21T12:00:00+00:00,186.69000000000008,186.9830000000001,186.57000000000008,186.9360000000001,150973
2026-07-22T00:00:00+00:00,186.9360000000001,187.05100000000007,186.61100000000008,186.87900000000008,192995
2026-07-22T12:00:00+00:00,186.87900000000008,187.06800000000007,186.86200000000008,186.96700000000007,158183.707025171
2026-07-23T00:00:00+00:00,186.96700000000007,187.52600000000007,186.89100000000008,187.15100000000007,198529
2026-07-23T12:00:00+00:00,187.15100000000007,187.37400000000008,186.9840000000001,187.25700000000006,209241.3217964153
2026-07-24T00:00:00+00:00,187.25700000000006,187.46900000000008,187.16000000000005,187.19100000000006,182211
2026-07-24T12:00:00+00:00,187.19100000000006,187.30500000000006,186.273,186.279,143275
2026-07-26T12:00:00+00:00,186.279,186.40699999999998,186.22699999999998,186.356,16120.582487743035
2026-07-27T00:00:00+00:00,186.356,186.65599999999998,186.213,186.259,184993
2026-07-27T12:00:00+00:00,186.259,186.31099999999998,185.95899999999997,186.12099999999998,164821
2026-07-28T00:00:00+00:00,186.12099999999998,186.271,185.96399999999997,186.22799999999998,179212
2026-07-28T12:00:00+00:00,186.22799999999998,186.60399999999998,186.118,186.504,181992.55708876735
2026-07-29T00:00:00+00:00,186.504,186.511,186.10199999999998,186.19499999999996,205341
2026-07-29T12:00:00+00:00,186.19499999999996,187.40099999999998,186.17199999999997,187.18999999999997,245980
2026-07-30T00:00:00+00:00,187.18999999999997,187.35199999999998,186.24399999999997,186.86499999999998,231713
2026-07-30T12:00:00+00:00,186.86499999999998,186.94899999999996,182.04799999999997,184.42899999999997,404407.1235863189
2026-07-31T00:00:00+00:00,184.42899999999997,185.004,182.552,183.84499999999997,393617
2026-07-31T12:00:00+00:00,183.84499999999997,184.20999999999998,181.195,181.305,402268
2026-08-02T12:00:00+00:00,181.305,182.124,181.254,181.801,51288
2026-08-03T00:00:00+00:00,181.801,182.04199999999997,179.248,180.563,395531
2026-08-03T12:00:00+00:00,180.563,181.31199999999998,179.92299999999997,181.16599999999997,262129
2026-08-04T00:00:00+00:00,181.16599999999997,181.68499999999997,180.884,181.22699999999998,266022
2026-08-04T12:00:00+00:00,181.22699999999998,181.874,181.064,181.75799999999998,230034
2026-08-05T00:00:00+00:00,181.75799999999998,182.05599999999998,181.42799999999997,181.91599999999997,304096
2026-08-05T12:00:00+00:00,181.91599999999997,182.17499999999998,181.64899999999997,182.03599999999997,247319
2026-08-06T00:00:00+00:00,182.03599999999997,182.225,181.97699999999998,182.13299999999998,156145
2026-08-06T12:00:00+00:00,182.13299999999998,182.52399999999997,182.04199999999997,182.45999999999998,163624
2026-08-07T00:00:00+00:00,182.45999999999998,182.57999999999998,182.22299999999998,182.49699999999999,144009
2026-08-07T12:00:00+00:00,182.49699999999999,182.581,181.18599999999998,182.253,269852
2026-08-09T12:00:00+00:00,182.253,182.426,182.155,182.373,12039.117893867977
2026-08-10T00:00:00+00:00,182.373,183.53799999999998,182.34099999999998,183.376,218993
2026-08-10T12:00:00+00:00,183.376,183.834,182.953,183.66299999999998,206086
2026-08-11T00:00:00+00:00,183.66299999999998,183.769,183.45,183.61599999999999,182593
2026-08-11T12:00:00+00:00,183.61599999999999,183.816,183.59699999999998,183.75199999999998,137080
2026-08-12T00:00:00+00:00,183.75199999999998,183.86499999999998,183.04399999999998,183.554,189369
2026-08-12T12:00:00+00:00,183.554,183.73399999999998,183.262,183.57800000000003,246239.1625277916
2026-08-13T00:00:00+00:00,183.57800000000003,183.75000000000003,183.33200000000002,183.67600000000002,179552
2026-08-13T12:00:00+00:00,183.67600000000002,183.842,183.44500000000002,183.782,185811
2026-08-14T00:00:00+00:00,183.782,183.99900000000002,183.59000000000003,183.91500000000002,162536
2026-08-14T12:00:00+00:00,183.91500000000002,184.35200000000003,183.497,184.22400000000002,172219
2026-08-16T12:00:00+00:00,184.22400000000002,184.41600000000003,184.19800000000004,184.32900000000004,13094.321702428228
2026-08-17T00:00:00+00:00,184.32900000000004,184.67800000000003,184.16000000000003,184.63900000000004,216292
2026-08-17T12:00:00+00:00,184.63900000000004,184.80900000000003,184.52800000000002,184.63700000000003,187529.06215063314
2026-08-18T00:00:00+00:00,184.63700000000003,184.99800000000002,184.63100000000003,184.96400000000003,175136
2026-08-18T12:00:00+00:00,184.96400000000003,184.97500000000002,184.75900000000001,184.78800000000004,160124.33832659372
2026-08-19T00:00:00+00:00,184.78800000000004,184.80700000000004,184.55700000000002,184.72600000000003,219935
2026-08-19T12:00:00+00:00,184.72600000000003,185.01700000000002,184.00000000000003,184.83900000000003,322199.6296757131
2026-08-20T00:00:00+00:00,184.83900000000003,185.54400000000004,184.80300000000003,185.46500000000003,294200
2026-08-20T12:00:00+00:00,185.46500000000003,185.91100000000003,185.34000000000003,185.78500000000003,254412
2026-08-21T00:00:00+00:00,185.78500000000003,186.09900000000002,185.51200000000003,185.75200000000004,244813
2026-08-21T12:00:00+00:00,185.75200000000004,185.87300000000002,185.53300000000004,185.69400000000002,163708
2026-08-23T12:00:00+00:00,185.588,185.653,185.148,185.60399999999998,11020
2026-08-24T00:00:00+00:00,185.60399999999998,185.79899999999998,185.44099999999997,185.57999999999998,248315
2026-08-24T12:00:00+00:00,185.57999999999998,185.75099999999998,185.43799999999996,185.67799999999997,212322
2026-08-25T00:00:00+00:00,185.67799999999997,185.95199999999997,185.57499999999996,185.67999999999995,225714
2026-08-25T12:00:00+00:00,185.67999999999995,185.92999999999998,185.64399999999995,185.88599999999997,183670
2026-08-26T00:00:00+00:00,185.88599999999997,185.92599999999996,185.35899999999998,185.64899999999997,261941
2026-08-26T12:00:00+00:00,185.64899999999997,185.77399999999994,185.52299999999997,185.629,222008
2026-08-27T00:00:00+00:00,185.629,185.79899999999998,185.48199999999997,185.63099999999997,205047
2026-08-27T12:00:00+00:00,185.63099999999997,185.838,185.516,185.655,172469
2026-08-28T00:00:00+00:00,185.655,185.987,185.641,185.919,160414
2026-08-28T12:00:00+00:00,185.919,185.931,185.385,185.421,233012
2026-08-30T12:00:00+00:00,185.296,185.582,185.253,185.551,12479
2026-08-31T00:00:00+00:00,185.551,185.55499999999998,184.921,185.19799999999998,253804
2026-08-31T12:00:00+00:00,185.19799999999998,185.63,185.176,185.59799999999998,214624
2026-09-01T00:00:00+00:00,185.59799999999998,185.695,185.392,185.61599999999999,273117
2026-09-01T12:00:00+00:00,185.61599999999999,185.74699999999999,185.47299999999998,185.67999999999998,192279
2026-09-02T00:00:00+00:00,185.67999999999998,185.694,184.542,184.81,314105
2026-09-02T12:00:00+00:00,184.81,184.93699999999998,183.625,184.082,327795
2026-09-03T00:00:00+00:00,184.082,184.179,180.974,181.261,527584
2026-09-03T12:00:00+00:00,181.261,181.503,180.521,180.977,387245
2026-09-04T00:00:00+00:00,180.977,181.95999999999998,180.619,181.587,341045
2026-09-04T12:00:00+00:00,181.587,181.646,180.219,181.378,323680
2026-09-06T12:00:00+00:00,181.118,181.486,181.07399999999998,181.39999999999998,13775
2026-09-07T00:00:00+00:00,181.4,181.453,179.22,179.841,318731
2026-09-07T12:00:00+00:00,179.841,179.898,178.836,178.863,167891
2026-09-08T00:00:00+00:00,178.863,179.286,177.852,179.153,357589
2026-09-08T12:00:00+00:00,179.153,179.475,178.395,178.426,292243
2026-09-09T00:00:00+00:00,178.426,178.874,178.069,178.445,399316
2026-09-09T12:00:00+00:00,178.445,178.767,178.352,178.621,297677
2026-09-10T00:00:00+00:00,178.621,179.237,178.44,179.084,279664
2026-09-10T12:00:00+00:00,179.084,179.492,178.749,179.349,299248
2026-09-11T00:00:00+00:00,179.349,179.54,178.409,178.541,348529
2026-09-11T12:00:00+00:00,178.541,178.754,177.893,178.022,306386
2026-09-13T12:00:00+00:00,178.022,178.233,177.819,177.86499999999998,38547
2026-09-14T00:00:00+00:00,177.86499999999998,178.54999999999998,177.84,178.503,332899
2026-09-14T12:00:00+00:00,178.503,178.673,177.953,178.32,306369
2026-09-15T00:00:00+00:00,178.32,179.07999999999998,178.297,178.744,316731
2026-09-15T12:00:00+00:00,178.744,179.27599999999998,178.736,179.14,269659
2026-09-16T00:00:00+00:00,179.14,179.349,178.79,178.834,287182
2026-09-16T12:00:00+00:00,178.834,179.297,178.691,178.97899999999998,298808
2026-09-17T00:00:00+00:00,178.97899999999998,179.072,178.46599999999998,178.864,318119
2026-09-17T12:00:00+00:00,178.864,179.227,178.48999999999998,179.219,247280
2026-09-18T00:00:00+00:00,179.219,181.551,179.188,180.90699999999998,336689
2026-09-18T12:00:00+00:00,180.90699999999998,181.023,179.74099999999999,180.18699999999998,267365
2026-09-20T12:00:00+00:00,180.04999999999998,180.364,179.97,180.21099999999998,27350
2026-09-21T00:00:00+00:00,180.214,180.657,179.841,180.649,306740
2026-09-21T12:00:00+00:00,180.649,180.8,180.272,180.408,210530
2026-09-22T00:00:00+00:00,180.408,180.826,179.748,180.15,298315
2026-09-22T12:00:00+00:00,180.15,180.291,179.946,180.254,236666
2026-09-23T00:00:00+00:00,180.254,180.384,180.235,180.27499999999998,52318
